{"cameraMode":{"drawMode":0,"name":"Shaded","section":"Shading Mode"},"sceneLighting":false,"audioPlay":false,"sceneViewState":{"m_AlwaysRefresh":false,"showFog":false,"showSkybox":false,"showFlares":false,"showImageEffects":false,"showParticleSystems":false,"showVisualEffectGraphs":true,"m_FxEnabled":true},"in2DMode":false,"pivot":{"x":0.33936914801597597,"y":-0.08265358209609986,"z":-1.094051718711853},"rotation":{"x":-0.006341672036796808,"y":-0.9902060031890869,"z":0.13446609675884248,"w":-0.04180838167667389},"size":1.1822540760040284,"orthographic":false}