{"cameraMode":{"drawMode":0,"name":"Shaded","section":"Shading Mode"},"sceneLighting":true,"audioPlay":false,"sceneViewState":{"m_AlwaysRefresh":false,"showFog":true,"showSkybox":true,"showFlares":true,"showImageEffects":true,"showParticleSystems":true,"showVisualEffectGraphs":true,"m_FxEnabled":true},"in2DMode":false,"pivot":{"x":1.126935362815857,"y":0.27759382128715517,"z":0.5551601052284241},"rotation":{"x":0.02188113145530224,"y":-0.6911686658859253,"z":0.020967647433280946,"w":0.7221140265464783},"size":5.134585380554199,"orthographic":false}