{"cameraMode":{"drawMode":0,"name":"Shaded","section":"Shading Mode"},"sceneLighting":true,"audioPlay":false,"sceneViewState":{"m_AlwaysRefresh":false,"showFog":true,"showSkybox":true,"showFlares":true,"showImageEffects":true,"showParticleSystems":true,"showVisualEffectGraphs":true,"m_FxEnabled":true},"in2DMode":false,"pivot":{"x":2.1009509563446047,"y":0.5461291670799255,"z":0.4131723940372467},"rotation":{"x":0.3020734190940857,"y":0.6119005680084229,"z":-0.2723184823989868,"w":0.6784620881080627},"size":0.8660253882408142,"orthographic":false}