{"cameraMode":{"drawMode":0,"name":"Shaded","section":"Shading Mode"},"sceneLighting":true,"audioPlay":false,"sceneViewState":{"m_AlwaysRefresh":false,"showFog":true,"showSkybox":true,"showFlares":true,"showImageEffects":true,"showParticleSystems":true,"showVisualEffectGraphs":true,"m_FxEnabled":true},"in2DMode":false,"pivot":{"x":1.2631078958511353,"y":-0.17496633529663087,"z":-0.34516143798828127},"rotation":{"x":-0.2638552188873291,"y":0.014405588619410992,"z":-0.0043248338624835018,"w":-0.9646545648574829},"size":5.559728622436523,"orthographic":false}