{"cameraMode":{"drawMode":0,"name":"Shaded","section":"Shading Mode"},"sceneLighting":true,"audioPlay":false,"sceneViewState":{"m_AlwaysRefresh":false,"showFog":true,"showSkybox":true,"showFlares":true,"showImageEffects":true,"showParticleSystems":true,"showVisualEffectGraphs":true,"m_FxEnabled":true},"in2DMode":false,"pivot":{"x":1.4337475299835206,"y":1.1201887130737305,"z":-1.8146435022354127},"rotation":{"x":-0.04349801316857338,"y":0.27856579422950747,"z":-0.012629146687686444,"w":-0.9593528509140015},"size":0.007395029067993164,"orthographic":false}