{"cameraMode":{"drawMode":0,"name":"Shaded","section":"Shading Mode"},"sceneLighting":true,"audioPlay":false,"sceneViewState":{"m_AlwaysRefresh":false,"showFog":true,"showSkybox":true,"showFlares":true,"showImageEffects":true,"showParticleSystems":true,"showVisualEffectGraphs":true,"m_FxEnabled":true},"in2DMode":false,"pivot":{"x":0.03627824783325195,"y":1.9339959621429444,"z":-0.3982967138290405},"rotation":{"x":-0.04645594581961632,"y":0.2727666199207306,"z":-0.013186085969209671,"w":-0.9608723521232605},"size":2.1635000705718996,"orthographic":false}