{"cameraMode":{"drawMode":0,"name":"Shaded","section":"Shading Mode"},"sceneLighting":true,"audioPlay":false,"sceneViewState":{"m_AlwaysRefresh":false,"showFog":true,"showSkybox":true,"showFlares":true,"showImageEffects":true,"showParticleSystems":true,"showVisualEffectGraphs":true,"m_FxEnabled":true},"in2DMode":false,"pivot":{"x":800.5465087890625,"y":133.5356903076172,"z":-100.87303161621094},"rotation":{"x":-0.007108066696673632,"y":-0.24557407200336457,"z":0.0012615660671144724,"w":-0.9695595502853394},"size":3.1597278118133547,"orthographic":false}