{"cameraMode":{"drawMode":0,"name":"Shaded","section":"Shading Mode"},"sceneLighting":true,"audioPlay":false,"sceneViewState":{"m_AlwaysRefresh":false,"showFog":true,"showSkybox":true,"showFlares":true,"showImageEffects":true,"showParticleSystems":true,"showVisualEffectGraphs":true,"m_FxEnabled":true},"in2DMode":false,"pivot":{"x":0.07976946979761124,"y":4.0097174644470219,"z":-6.354713439941406},"rotation":{"x":-0.462131142616272,"y":-0.06621796637773514,"z":0.034496109932661059,"w":-0.8837442994117737},"size":0.8660253882408142,"orthographic":false}