{"cameraMode":{"drawMode":0,"name":"Shaded","section":"Shading Mode"},"sceneLighting":true,"audioPlay":false,"sceneViewState":{"m_AlwaysRefresh":false,"showFog":true,"showSkybox":true,"showFlares":true,"showImageEffects":true,"showParticleSystems":true,"showVisualEffectGraphs":true,"m_FxEnabled":true},"in2DMode":false,"pivot":{"x":1.2389851808547974,"y":0.7710566520690918,"z":-0.24545907974243165},"rotation":{"x":-0.24660195410251618,"y":-0.03466005623340607,"z":0.008684789761900902,"w":-0.9685375690460205},"size":3.5869674682617189,"orthographic":false}