{"cameraMode":{"drawMode":0,"name":"Shaded","section":"Shading Mode"},"sceneLighting":true,"audioPlay":false,"sceneViewState":{"m_AlwaysRefresh":false,"showFog":true,"showSkybox":true,"showFlares":true,"showImageEffects":true,"showParticleSystems":true,"showVisualEffectGraphs":true,"m_FxEnabled":true},"in2DMode":false,"pivot":{"x":0.7164169549942017,"y":-67.5753173828125,"z":11.908812522888184},"rotation":{"x":-0.6166255474090576,"y":0.015568655915558339,"z":-0.012309192679822445,"w":-0.7871801257133484},"size":36.28717041015625,"orthographic":false}