{"cameraMode":{"drawMode":0,"name":"Shaded","section":"Shading Mode"},"sceneLighting":false,"audioPlay":false,"sceneViewState":{"m_AlwaysRefresh":false,"showFog":false,"showSkybox":false,"showFlares":false,"showImageEffects":false,"showParticleSystems":false,"showVisualEffectGraphs":true,"m_FxEnabled":true},"in2DMode":false,"pivot":{"x":0.24001646041870118,"y":0.9148772954940796,"z":-0.3586937189102173},"rotation":{"x":0.13395005464553834,"y":0.8180233836174011,"z":-0.21036218106746674,"w":0.5186833739280701},"size":1.8072245121002198,"orthographic":false}