{"cameraMode":{"drawMode":0,"name":"Shaded","section":"Shading Mode"},"sceneLighting":false,"audioPlay":false,"sceneViewState":{"m_AlwaysRefresh":false,"showFog":false,"showSkybox":false,"showFlares":false,"showImageEffects":false,"showParticleSystems":false,"showVisualEffectGraphs":true,"m_FxEnabled":true},"in2DMode":false,"pivot":{"x":0.0628281831741333,"y":0.6288877129554749,"z":-0.5903212428092957},"rotation":{"x":0.02415635995566845,"y":0.9556521773338318,"z":-0.2830604612827301,"w":0.08007606863975525},"size":1.5072245597839356,"orthographic":false}