{"cameraMode":{"drawMode":0,"name":"Shaded","section":"Shading Mode"},"sceneLighting":false,"audioPlay":false,"sceneViewState":{"m_AlwaysRefresh":false,"showFog":true,"showSkybox":false,"showFlares":true,"showImageEffects":true,"showParticleSystems":true,"showVisualEffectGraphs":true,"m_FxEnabled":true},"in2DMode":false,"pivot":{"x":-3.593141555786133,"y":0.546999990940094,"z":-2.2784740924835207},"rotation":{"x":0.22834378480911256,"y":-0.014580747112631798,"z":0.003447709372267127,"w":0.9734790921211243},"size":0.794175922870636,"orthographic":false}