{"cameraMode":{"drawMode":0,"name":"Shaded","section":"Shading Mode"},"sceneLighting":false,"audioPlay":false,"sceneViewState":{"m_AlwaysRefresh":false,"showFog":true,"showSkybox":false,"showFlares":true,"showImageEffects":true,"showParticleSystems":true,"showVisualEffectGraphs":true,"m_FxEnabled":true},"in2DMode":false,"pivot":{"x":0.5400000214576721,"y":2.2588558197021486,"z":-2.7300000190734865},"rotation":{"x":0.10845914483070374,"y":0.14207066595554353,"z":-0.015644855797290803,"w":0.98378586769104},"size":0.9134532809257507,"orthographic":false}