{"cameraMode":{"drawMode":0,"name":"Shaded","section":"Shading Mode"},"sceneLighting":false,"audioPlay":false,"sceneViewState":{"m_AlwaysRefresh":false,"showFog":true,"showSkybox":false,"showFlares":true,"showImageEffects":true,"showParticleSystems":true,"showVisualEffectGraphs":true,"m_FxEnabled":true},"in2DMode":false,"pivot":{"x":0.5400000214576721,"y":2.2588558197021486,"z":-2.7300000190734865},"rotation":{"x":-0.10269444435834885,"y":-0.20001499354839326,"z":0.02100653387606144,"w":-0.9742254614830017},"size":0.9134532809257507,"orthographic":false}